"","rules","support","lift"
"1","class=unacc => persons=2","0.333333333333333","1.42809917355372"
"2","persons=2 => class=unacc","0.333333333333333","1.42809917355372"
"3","class=unacc => safety=low","0.333333333333333","1.42809917355372"
"4","safety=low => class=unacc","0.333333333333333","1.42809917355372"
